Media_manchas,Month,Year
58.0,1,1749.0
62.6,2,1749.0
70.0,3,1749.0
55.7,4,1749.0
85.0,5,1749.0
83.5,6,1749.0
94.8,7,1749.0
66.3,8,1749.0
75.9,9,1749.0
75.5,10,1749.0
158.6,11,1749.0
85.2,12,1749.0
73.3,1,1750.0
75.9,2,1750.0
89.2,3,1750.0
88.3,4,1750.0
90.0,5,1750.0
100.0,6,1750.0
85.4,7,1750.0
103.0,8,1750.0
91.2,9,1750.0
65.7,10,1750.0
63.3,11,1750.0
75.4,12,1750.0
70.0,1,1751.0
43.5,2,1751.0
45.3,3,1751.0
56.4,4,1751.0
60.7,5,1751.0
50.7,6,1751.0
66.3,7,1751.0
59.8,8,1751.0
23.5,9,1751.0
23.2,10,1751.0
28.5,11,1751.0
44.0,12,1751.0
35.0,1,1752.0
50.0,2,1752.0
71.0,3,1752.0
59.3,4,1752.0
59.7,5,1752.0
39.6,6,1752.0
78.4,7,1752.0
29.3,8,1752.0
27.1,9,1752.0
46.6,10,1752.0
37.6,11,1752.0
40.0,12,1752.0
44.0,1,1753.0
32.0,2,1753.0
45.7,3,1753.0
38.0,4,1753.0
36.0,5,1753.0
31.7,6,1753.0
22.2,7,1753.0
39.0,8,1753.0
28.0,9,1753.0
25.0,10,1753.0
20.0,11,1753.0
6.7,12,1753.0
0.0,1,1754.0
3.0,2,1754.0
1.7,3,1754.0
13.7,4,1754.0
20.7,5,1754.0
26.7,6,1754.0
18.8,7,1754.0
12.3,8,1754.0
8.2,9,1754.0
24.1,10,1754.0
13.2,11,1754.0
4.2,12,1754.0
10.2,1,1755.0
11.2,2,1755.0
6.8,3,1755.0
6.5,4,1755.0
0.0,5,1755.0
0.0,6,1755.0
8.6,7,1755.0
3.2,8,1755.0
17.8,9,1755.0
23.7,10,1755.0
6.8,11,1755.0
20.0,12,1755.0
12.5,1,1756.0
7.1,2,1756.0
5.4,3,1756.0
9.4,4,1756.0
12.5,5,1756.0
12.9,6,1756.0
3.6,7,1756.0
6.4,8,1756.0
11.8,9,1756.0
14.3,10,1756.0
17.0,11,1756.0
9.4,12,1756.0
14.1,1,1757.0
21.2,2,1757.0
26.2,3,1757.0
30.0,4,1757.0
38.1,5,1757.0
12.8,6,1757.0
25.0,7,1757.0
51.3,8,1757.0
39.7,9,1757.0
32.5,10,1757.0
64.7,11,1757.0
33.5,12,1757.0
37.6,1,1758.0
52.0,2,1758.0
49.0,3,1758.0
72.3,4,1758.0
46.4,5,1758.0
45.0,6,1758.0
44.0,7,1758.0
38.7,8,1758.0
62.5,9,1758.0
37.7,10,1758.0
43.0,11,1758.0
43.0,12,1758.0
48.3,1,1759.0
44.0,2,1759.0
46.8,3,1759.0
47.0,4,1759.0
49.0,5,1759.0
50.0,6,1759.0
51.0,7,1759.0
71.3,8,1759.0
77.2,9,1759.0
59.7,10,1759.0
46.3,11,1759.0
57.0,12,1759.0
67.3,1,1760.0
59.5,2,1760.0
74.7,3,1760.0
58.3,4,1760.0
72.0,5,1760.0
48.3,6,1760.0
66.0,7,1760.0
75.6,8,1760.0
61.3,9,1760.0
50.6,10,1760.0
59.7,11,1760.0
61.0,12,1760.0
70.0,1,1761.0
91.0,2,1761.0
80.7,3,1761.0
71.7,4,1761.0
107.2,5,1761.0
99.3,6,1761.0
94.1,7,1761.0
91.1,8,1761.0
100.7,9,1761.0
88.7,10,1761.0
89.7,11,1761.0
46.0,12,1761.0
43.8,1,1762.0
72.8,2,1762.0
45.7,3,1762.0
60.2,4,1762.0
39.9,5,1762.0
77.1,6,1762.0
33.8,7,1762.0
67.7,8,1762.0
68.5,9,1762.0
69.3,10,1762.0
77.8,11,1762.0
77.2,12,1762.0
56.5,1,1763.0
31.9,2,1763.0
34.2,3,1763.0
32.9,4,1763.0
32.7,5,1763.0
35.8,6,1763.0
54.2,7,1763.0
26.5,8,1763.0
68.1,9,1763.0
46.3,10,1763.0
60.9,11,1763.0
61.4,12,1763.0
59.7,1,1764.0
59.7,2,1764.0
40.2,3,1764.0
34.4,4,1764.0
44.3,5,1764.0
30.0,6,1764.0
30.0,7,1764.0
30.0,8,1764.0
28.2,9,1764.0
28.0,10,1764.0
26.0,11,1764.0
25.7,12,1764.0
24.0,1,1765.0
26.0,2,1765.0
25.0,3,1765.0
22.0,4,1765.0
20.2,5,1765.0
20.0,6,1765.0
27.0,7,1765.0
29.7,8,1765.0
16.0,9,1765.0
14.0,10,1765.0
14.0,11,1765.0
13.0,12,1765.0
12.0,1,1766.0
11.0,2,1766.0
36.6,3,1766.0
6.0,4,1766.0
26.8,5,1766.0
3.0,6,1766.0
3.3,7,1766.0
4.0,8,1766.0
4.3,9,1766.0
5.0,10,1766.0
5.7,11,1766.0
19.2,12,1766.0
27.4,1,1767.0
30.0,2,1767.0
43.0,3,1767.0
32.9,4,1767.0
29.8,5,1767.0
33.3,6,1767.0
21.9,7,1767.0
40.8,8,1767.0
42.7,9,1767.0
44.1,10,1767.0
54.7,11,1767.0
53.3,12,1767.0
53.5,1,1768.0
66.1,2,1768.0
46.3,3,1768.0
42.7,4,1768.0
77.7,5,1768.0
77.4,6,1768.0
52.6,7,1768.0
66.8,8,1768.0
74.8,9,1768.0
77.8,10,1768.0
90.6,11,1768.0
111.8,12,1768.0
73.9,1,1769.0
64.2,2,1769.0
64.3,3,1769.0
96.7,4,1769.0
73.6,5,1769.0
94.4,6,1769.0
118.6,7,1769.0
120.3,8,1769.0
148.8,9,1769.0
158.2,10,1769.0
148.1,11,1769.0
112.0,12,1769.0
104.0,1,1770.0
142.5,2,1770.0
80.1,3,1770.0
51.0,4,1770.0
70.1,5,1770.0
83.3,6,1770.0
109.8,7,1770.0
126.3,8,1770.0
104.4,9,1770.0
103.6,10,1770.0
132.2,11,1770.0
102.3,12,1770.0
36.0,1,1771.0
46.2,2,1771.0
46.7,3,1771.0
64.9,4,1771.0
152.7,5,1771.0
119.5,6,1771.0
67.7,7,1771.0
58.5,8,1771.0
101.4,9,1771.0
90.0,10,1771.0
99.7,11,1771.0
95.7,12,1771.0
100.9,1,1772.0
90.8,2,1772.0
31.1,3,1772.0
92.2,4,1772.0
38.0,5,1772.0
57.0,6,1772.0
77.3,7,1772.0
56.2,8,1772.0
50.5,9,1772.0
78.6,10,1772.0
61.3,11,1772.0
64.0,12,1772.0
54.6,1,1773.0
29.0,2,1773.0
51.2,3,1773.0
32.9,4,1773.0
41.1,5,1773.0
28.4,6,1773.0
27.7,7,1773.0
12.7,8,1773.0
29.3,9,1773.0
26.3,10,1773.0
40.9,11,1773.0
43.2,12,1773.0
46.8,1,1774.0
65.4,2,1774.0
55.7,3,1774.0
43.8,4,1774.0
51.3,5,1774.0
28.5,6,1774.0
17.5,7,1774.0
6.6,8,1774.0
7.9,9,1774.0
14.0,10,1774.0
17.7,11,1774.0
12.2,12,1774.0
4.4,1,1775.0
0.0,2,1775.0
11.6,3,1775.0
11.2,4,1775.0
3.9,5,1775.0
12.3,6,1775.0
1.0,7,1775.0
7.9,8,1775.0
3.2,9,1775.0
5.6,10,1775.0
15.1,11,1775.0
7.9,12,1775.0
21.7,1,1776.0
11.6,2,1776.0
6.3,3,1776.0
21.8,4,1776.0
11.2,5,1776.0
19.0,6,1776.0
1.0,7,1776.0
24.2,8,1776.0
16.0,9,1776.0
30.0,10,1776.0
35.0,11,1776.0
40.0,12,1776.0
45.0,1,1777.0
36.5,2,1777.0
39.0,3,1777.0
95.5,4,1777.0
80.3,5,1777.0
80.7,6,1777.0
95.0,7,1777.0
112.0,8,1777.0
116.2,9,1777.0
106.5,10,1777.0
146.0,11,1777.0
157.3,12,1777.0
177.3,1,1778.0
109.3,2,1778.0
134.0,3,1778.0
145.0,4,1778.0
238.9,5,1778.0
171.6,6,1778.0
153.0,7,1778.0
140.0,8,1778.0
171.7,9,1778.0
156.3,10,1778.0
150.3,11,1778.0
105.0,12,1778.0
114.7,1,1779.0
165.7,2,1779.0
118.0,3,1779.0
145.0,4,1779.0
140.0,5,1779.0
113.7,6,1779.0
143.0,7,1779.0
112.0,8,1779.0
111.0,9,1779.0
124.0,10,1779.0
114.0,11,1779.0
110.0,12,1779.0
70.0,1,1780.0
98.0,2,1780.0
98.0,3,1780.0
95.0,4,1780.0
107.2,5,1780.0
88.0,6,1780.0
86.0,7,1780.0
86.0,8,1780.0
93.7,9,1780.0
77.0,10,1780.0
60.0,11,1780.0
58.7,12,1780.0
98.7,1,1781.0
74.7,2,1781.0
53.0,3,1781.0
68.3,4,1781.0
104.7,5,1781.0
97.7,6,1781.0
73.5,7,1781.0
66.0,8,1781.0
51.0,9,1781.0
27.3,10,1781.0
67.0,11,1781.0
35.2,12,1781.0
54.0,1,1782.0
37.5,2,1782.0
37.0,3,1782.0
41.0,4,1782.0
54.3,5,1782.0
38.0,6,1782.0
37.0,7,1782.0
44.0,8,1782.0
34.0,9,1782.0
23.2,10,1782.0
31.5,11,1782.0
30.0,12,1782.0
28.0,1,1783.0
38.7,2,1783.0
26.7,3,1783.0
28.3,4,1783.0
23.0,5,1783.0
25.2,6,1783.0
32.2,7,1783.0
20.0,8,1783.0
18.0,9,1783.0
8.0,10,1783.0
15.0,11,1783.0
10.5,12,1783.0
13.0,1,1784.0
8.0,2,1784.0
11.0,3,1784.0
10.0,4,1784.0
6.0,5,1784.0
9.0,6,1784.0
6.0,7,1784.0
10.0,8,1784.0
10.0,9,1784.0
8.0,10,1784.0
17.0,11,1784.0
14.0,12,1784.0
6.5,1,1785.0
8.0,2,1785.0
9.0,3,1785.0
15.7,4,1785.0
20.7,5,1785.0
26.3,6,1785.0
36.3,7,1785.0
20.0,8,1785.0
32.0,9,1785.0
47.2,10,1785.0
40.2,11,1785.0
27.3,12,1785.0
37.2,1,1786.0
47.6,2,1786.0
47.7,3,1786.0
85.4,4,1786.0
92.3,5,1786.0
59.0,6,1786.0
83.0,7,1786.0
89.7,8,1786.0
111.5,9,1786.0
112.3,10,1786.0
116.0,11,1786.0
112.7,12,1786.0
134.7,1,1787.0
106.0,2,1787.0
87.4,3,1787.0
127.2,4,1787.0
134.8,5,1787.0
99.2,6,1787.0
128.0,7,1787.0
137.2,8,1787.0
157.3,9,1787.0
157.0,10,1787.0
141.5,11,1787.0
174.0,12,1787.0
138.0,1,1788.0
129.2,2,1788.0
143.3,3,1788.0
108.5,4,1788.0
113.0,5,1788.0
154.2,6,1788.0
141.5,7,1788.0
136.0,8,1788.0
141.0,9,1788.0
142.0,10,1788.0
94.7,11,1788.0
129.5,12,1788.0
114.0,1,1789.0
125.3,2,1789.0
120.0,3,1789.0
123.3,4,1789.0
123.5,5,1789.0
120.0,6,1789.0
117.0,7,1789.0
103.0,8,1789.0
112.0,9,1789.0
89.7,10,1789.0
134.0,11,1789.0
135.5,12,1789.0
103.0,1,1790.0
127.5,2,1790.0
96.3,3,1790.0
94.0,4,1790.0
93.0,5,1790.0
91.0,6,1790.0
69.3,7,1790.0
87.0,8,1790.0
77.3,9,1790.0
84.3,10,1790.0
82.0,11,1790.0
74.0,12,1790.0
72.7,1,1791.0
62.0,2,1791.0
74.0,3,1791.0
77.2,4,1791.0
73.7,5,1791.0
64.2,6,1791.0
71.0,7,1791.0
43.0,8,1791.0
66.5,9,1791.0
61.7,10,1791.0
67.0,11,1791.0
66.0,12,1791.0
58.0,1,1792.0
64.0,2,1792.0
63.0,3,1792.0
75.7,4,1792.0
62.0,5,1792.0
61.0,6,1792.0
45.8,7,1792.0
60.0,8,1792.0
59.0,9,1792.0
59.0,10,1792.0
57.0,11,1792.0
56.0,12,1792.0
56.0,1,1793.0
55.0,2,1793.0
55.5,3,1793.0
53.0,4,1793.0
52.3,5,1793.0
51.0,6,1793.0
50.0,7,1793.0
29.3,8,1793.0
24.0,9,1793.0
47.0,10,1793.0
44.0,11,1793.0
45.7,12,1793.0
45.0,1,1794.0
44.0,2,1794.0
38.0,3,1794.0
28.4,4,1794.0
55.7,5,1794.0
41.5,6,1794.0
41.0,7,1794.0
40.0,8,1794.0
11.1,9,1794.0
28.5,10,1794.0
67.4,11,1794.0
51.4,12,1794.0
21.4,1,1795.0
39.9,2,1795.0
12.6,3,1795.0
18.6,4,1795.0
31.0,5,1795.0
17.1,6,1795.0
12.9,7,1795.0
25.7,8,1795.0
13.5,9,1795.0
19.5,10,1795.0
25.0,11,1795.0
18.0,12,1795.0
22.0,1,1796.0
23.8,2,1796.0
15.7,3,1796.0
31.7,4,1796.0
21.0,5,1796.0
6.7,6,1796.0
26.9,7,1796.0
1.5,8,1796.0
18.4,9,1796.0
11.0,10,1796.0
8.4,11,1796.0
5.1,12,1796.0
14.4,1,1797.0
4.2,2,1797.0
4.0,3,1797.0
4.0,4,1797.0
7.3,5,1797.0
11.1,6,1797.0
4.3,7,1797.0
6.0,8,1797.0
5.7,9,1797.0
6.9,10,1797.0
5.8,11,1797.0
3.0,12,1797.0
2.0,1,1798.0
4.0,2,1798.0
12.4,3,1798.0
1.1,4,1798.0
0.0,5,1798.0
0.0,6,1798.0
0.0,7,1798.0
3.0,8,1798.0
2.4,9,1798.0
1.5,10,1798.0
12.5,11,1798.0
9.9,12,1798.0
1.6,1,1799.0
12.6,2,1799.0
21.7,3,1799.0
8.4,4,1799.0
8.2,5,1799.0
10.6,6,1799.0
2.1,7,1799.0
0.0,8,1799.0
0.0,9,1799.0
4.6,10,1799.0
2.7,11,1799.0
8.6,12,1799.0
6.9,1,1800.0
9.3,2,1800.0
13.9,3,1800.0
0.0,4,1800.0
5.0,5,1800.0
23.7,6,1800.0
21.0,7,1800.0
19.5,8,1800.0
11.5,9,1800.0
12.3,10,1800.0
10.5,11,1800.0
40.1,12,1800.0
27.0,1,1801.0
29.0,2,1801.0
30.0,3,1801.0
31.0,4,1801.0
32.0,5,1801.0
31.2,6,1801.0
35.0,7,1801.0
38.7,8,1801.0
33.5,9,1801.0
32.6,10,1801.0
39.8,11,1801.0
48.2,12,1801.0
47.8,1,1802.0
47.0,2,1802.0
40.8,3,1802.0
42.0,4,1802.0
44.0,5,1802.0
46.0,6,1802.0
48.0,7,1802.0
50.0,8,1802.0
51.8,9,1802.0
38.5,10,1802.0
34.5,11,1802.0
50.0,12,1802.0
50.0,1,1803.0
50.8,2,1803.0
29.5,3,1803.0
25.0,4,1803.0
44.3,5,1803.0
36.0,6,1803.0
48.3,7,1803.0
34.1,8,1803.0
45.3,9,1803.0
54.3,10,1803.0
51.0,11,1803.0
48.0,12,1803.0
45.3,1,1804.0
48.3,2,1804.0
48.0,3,1804.0
50.6,4,1804.0
33.4,5,1804.0
34.8,6,1804.0
29.8,7,1804.0
43.1,8,1804.0
53.0,9,1804.0
62.3,10,1804.0
61.0,11,1804.0
60.0,12,1804.0
61.0,1,1805.0
44.1,2,1805.0
51.4,3,1805.0
37.5,4,1805.0
39.0,5,1805.0
40.5,6,1805.0
37.6,7,1805.0
42.7,8,1805.0
44.4,9,1805.0
29.4,10,1805.0
41.0,11,1805.0
38.3,12,1805.0
39.0,1,1806.0
29.6,2,1806.0
32.7,3,1806.0
27.7,4,1806.0
26.4,5,1806.0
25.6,6,1806.0
30.0,7,1806.0
26.3,8,1806.0
24.0,9,1806.0
27.0,10,1806.0
25.0,11,1806.0
24.0,12,1806.0
12.0,1,1807.0
12.2,2,1807.0
9.6,3,1807.0
23.8,4,1807.0
10.0,5,1807.0
12.0,6,1807.0
12.7,7,1807.0
12.0,8,1807.0
5.7,9,1807.0
8.0,10,1807.0
2.6,11,1807.0
0.0,12,1807.0
0.0,1,1808.0
4.5,2,1808.0
0.0,3,1808.0
12.3,4,1808.0
13.5,5,1808.0
13.5,6,1808.0
6.7,7,1808.0
8.0,8,1808.0
11.7,9,1808.0
4.7,10,1808.0
10.5,11,1808.0
12.3,12,1808.0
7.2,1,1809.0
9.2,2,1809.0
0.9,3,1809.0
2.5,4,1809.0
2.0,5,1809.0
7.7,6,1809.0
0.3,7,1809.0
0.2,8,1809.0
0.4,9,1809.0
0.0,10,1809.0
0.0,11,1809.0
0.0,12,1809.0
0.0,1,1810.0
0.0,2,1810.0
0.0,3,1810.0
0.0,4,1810.0
0.0,5,1810.0
0.0,6,1810.0
0.0,7,1810.0
0.0,8,1810.0
0.0,9,1810.0
0.0,10,1810.0
0.0,11,1810.0
0.0,12,1810.0
0.0,1,1811.0
0.0,2,1811.0
0.0,3,1811.0
0.0,4,1811.0
0.0,5,1811.0
0.0,6,1811.0
6.6,7,1811.0
0.0,8,1811.0
2.4,9,1811.0
6.1,10,1811.0
0.8,11,1811.0
1.1,12,1811.0
11.3,1,1812.0
1.9,2,1812.0
0.7,3,1812.0
0.0,4,1812.0
1.0,5,1812.0
1.3,6,1812.0
0.5,7,1812.0
15.6,8,1812.0
5.2,9,1812.0
3.9,10,1812.0
7.9,11,1812.0
10.1,12,1812.0
0.0,1,1813.0
10.3,2,1813.0
1.9,3,1813.0
16.6,4,1813.0
5.5,5,1813.0
11.2,6,1813.0
18.3,7,1813.0
8.4,8,1813.0
15.3,9,1813.0
27.8,10,1813.0
16.7,11,1813.0
14.3,12,1813.0
22.2,1,1814.0
12.0,2,1814.0
5.7,3,1814.0
23.8,4,1814.0
5.8,5,1814.0
14.9,6,1814.0
18.5,7,1814.0
2.3,8,1814.0
8.1,9,1814.0
19.3,10,1814.0
14.5,11,1814.0
20.1,12,1814.0
19.2,1,1815.0
32.2,2,1815.0
26.2,3,1815.0
31.6,4,1815.0
9.8,5,1815.0
55.9,6,1815.0
35.5,7,1815.0
47.2,8,1815.0
31.5,9,1815.0
33.5,10,1815.0
37.2,11,1815.0
65.0,12,1815.0
26.3,1,1816.0
68.8,2,1816.0
73.7,3,1816.0
58.8,4,1816.0
44.3,5,1816.0
43.6,6,1816.0
38.8,7,1816.0
23.2,8,1816.0
47.8,9,1816.0
56.4,10,1816.0
38.1,11,1816.0
29.9,12,1816.0
36.4,1,1817.0
57.9,2,1817.0
96.2,3,1817.0
26.4,4,1817.0
21.2,5,1817.0
40.0,6,1817.0
50.0,7,1817.0
45.0,8,1817.0
36.7,9,1817.0
25.6,10,1817.0
28.9,11,1817.0
28.4,12,1817.0
34.9,1,1818.0
22.4,2,1818.0
25.4,3,1818.0
34.5,4,1818.0
53.1,5,1818.0
36.4,6,1818.0
28.0,7,1818.0
31.5,8,1818.0
26.1,9,1818.0
31.7,10,1818.0
10.9,11,1818.0
25.8,12,1818.0
32.5,1,1819.0
20.7,2,1819.0
3.7,3,1819.0
20.2,4,1819.0
19.6,5,1819.0
35.0,6,1819.0
31.4,7,1819.0
26.1,8,1819.0
14.9,9,1819.0
27.5,10,1819.0
25.1,11,1819.0
30.6,12,1819.0
19.2,1,1820.0
26.6,2,1820.0
4.5,3,1820.0
19.4,4,1820.0
29.3,5,1820.0
10.8,6,1820.0
20.6,7,1820.0
25.9,8,1820.0
5.2,9,1820.0
9.0,10,1820.0
7.9,11,1820.0
9.7,12,1820.0
21.5,1,1821.0
4.3,2,1821.0
5.7,3,1821.0
9.2,4,1821.0
1.7,5,1821.0
1.8,6,1821.0
2.5,7,1821.0
4.8,8,1821.0
4.4,9,1821.0
18.8,10,1821.0
4.4,11,1821.0
0.0,12,1821.0
0.0,1,1822.0
0.9,2,1822.0
16.1,3,1822.0
13.5,4,1822.0
1.5,5,1822.0
5.6,6,1822.0
7.9,7,1822.0
2.1,8,1822.0
0.0,9,1822.0
0.4,10,1822.0
0.0,11,1822.0
0.0,12,1822.0
0.0,1,1823.0
0.0,2,1823.0
0.6,3,1823.0
0.0,4,1823.0
0.0,5,1823.0
0.0,6,1823.0
0.5,7,1823.0
0.0,8,1823.0
0.0,9,1823.0
0.0,10,1823.0
0.0,11,1823.0
20.4,12,1823.0
21.6,1,1824.0
10.8,2,1824.0
0.0,3,1824.0
19.4,4,1824.0
2.8,5,1824.0
0.0,6,1824.0
0.0,7,1824.0
1.4,8,1824.0
20.5,9,1824.0
25.2,10,1824.0
0.0,11,1824.0
0.8,12,1824.0
5.0,1,1825.0
15.5,2,1825.0
22.4,3,1825.0
3.8,4,1825.0
15.4,5,1825.0
15.4,6,1825.0
30.9,7,1825.0
25.4,8,1825.0
15.7,9,1825.0
15.6,10,1825.0
11.7,11,1825.0
22.0,12,1825.0
17.7,1,1826.0
18.2,2,1826.0
36.7,3,1826.0
24.0,4,1826.0
32.4,5,1826.0
37.1,6,1826.0
52.5,7,1826.0
39.6,8,1826.0
18.9,9,1826.0
50.6,10,1826.0
39.5,11,1826.0
68.1,12,1826.0
34.6,1,1827.0
47.4,2,1827.0
57.8,3,1827.0
46.0,4,1827.0
56.3,5,1827.0
56.7,6,1827.0
42.9,7,1827.0
53.7,8,1827.0
49.6,9,1827.0
57.2,10,1827.0
48.2,11,1827.0
46.1,12,1827.0
52.8,1,1828.0
64.4,2,1828.0
65.0,3,1828.0
61.1,4,1828.0
89.1,5,1828.0
98.0,6,1828.0
54.3,7,1828.0
76.4,8,1828.0
50.4,9,1828.0
54.7,10,1828.0
57.0,11,1828.0
46.6,12,1828.0
43.0,1,1829.0
49.4,2,1829.0
72.3,3,1829.0
95.0,4,1829.0
67.5,5,1829.0
73.9,6,1829.0
90.8,7,1829.0
78.3,8,1829.0
52.8,9,1829.0
57.2,10,1829.0
67.6,11,1829.0
56.5,12,1829.0
52.2,1,1830.0
72.1,2,1830.0
84.6,3,1830.0
107.1,4,1830.0
66.3,5,1830.0
65.1,6,1830.0
43.9,7,1830.0
50.7,8,1830.0
62.1,9,1830.0
84.4,10,1830.0
81.2,11,1830.0
82.1,12,1830.0
47.5,1,1831.0
50.1,2,1831.0
93.4,3,1831.0
54.6,4,1831.0
38.1,5,1831.0
33.4,6,1831.0
45.2,7,1831.0
54.9,8,1831.0
37.9,9,1831.0
46.2,10,1831.0
43.5,11,1831.0
28.9,12,1831.0
30.9,1,1832.0
55.5,2,1832.0
55.1,3,1832.0
26.9,4,1832.0
41.3,5,1832.0
26.7,6,1832.0
13.9,7,1832.0
8.9,8,1832.0
8.2,9,1832.0
21.1,10,1832.0
14.3,11,1832.0
27.5,12,1832.0
11.3,1,1833.0
14.9,2,1833.0
11.8,3,1833.0
2.8,4,1833.0
12.9,5,1833.0
1.0,6,1833.0
7.0,7,1833.0
5.7,8,1833.0
11.6,9,1833.0
7.5,10,1833.0
5.9,11,1833.0
9.9,12,1833.0
4.9,1,1834.0
18.1,2,1834.0
3.9,3,1834.0
1.4,4,1834.0
8.8,5,1834.0
7.8,6,1834.0
8.7,7,1834.0
4.0,8,1834.0
11.5,9,1834.0
24.8,10,1834.0
30.5,11,1834.0
34.5,12,1834.0
7.5,1,1835.0
24.5,2,1835.0
19.7,3,1835.0
61.5,4,1835.0
43.6,5,1835.0
33.2,6,1835.0
59.8,7,1835.0
59.0,8,1835.0
100.8,9,1835.0
95.2,10,1835.0
100.0,11,1835.0
77.5,12,1835.0
88.6,1,1836.0
107.6,2,1836.0
98.1,3,1836.0
142.9,4,1836.0
111.4,5,1836.0
124.7,6,1836.0
116.7,7,1836.0
107.8,8,1836.0
95.1,9,1836.0
137.4,10,1836.0
120.9,11,1836.0
206.2,12,1836.0
188.0,1,1837.0
175.6,2,1837.0
134.6,3,1837.0
138.2,4,1837.0
111.3,5,1837.0
158.0,6,1837.0
162.8,7,1837.0
134.0,8,1837.0
96.3,9,1837.0
123.7,10,1837.0
107.0,11,1837.0
129.8,12,1837.0
144.9,1,1838.0
84.8,2,1838.0
140.8,3,1838.0
126.6,4,1838.0
137.6,5,1838.0
94.5,6,1838.0
108.2,7,1838.0
78.8,8,1838.0
73.6,9,1838.0
90.8,10,1838.0
77.4,11,1838.0
79.8,12,1838.0
107.6,1,1839.0
102.5,2,1839.0
77.7,3,1839.0
61.8,4,1839.0
53.8,5,1839.0
54.6,6,1839.0
84.7,7,1839.0
131.2,8,1839.0
132.7,9,1839.0
90.8,10,1839.0
68.8,11,1839.0
63.6,12,1839.0
81.2,1,1840.0
87.7,2,1840.0
55.5,3,1840.0
65.9,4,1840.0
69.2,5,1840.0
48.5,6,1840.0
60.7,7,1840.0
57.8,8,1840.0
74.0,9,1840.0
49.8,10,1840.0
54.3,11,1840.0
53.7,12,1840.0
24.0,1,1841.0
29.9,2,1841.0
29.7,3,1841.0
42.6,4,1841.0
67.4,5,1841.0
55.7,6,1841.0
30.8,7,1841.0
39.3,8,1841.0
35.1,9,1841.0
28.5,10,1841.0
19.8,11,1841.0
38.8,12,1841.0
20.4,1,1842.0
22.1,2,1842.0
21.7,3,1842.0
26.9,4,1842.0
24.9,5,1842.0
20.5,6,1842.0
12.6,7,1842.0
26.5,8,1842.0
18.5,9,1842.0
38.1,10,1842.0
40.5,11,1842.0
17.6,12,1842.0
13.3,1,1843.0
3.5,2,1843.0
8.3,3,1843.0
8.8,4,1843.0
21.1,5,1843.0
10.5,6,1843.0
9.5,7,1843.0
11.8,8,1843.0
4.2,9,1843.0
5.3,10,1843.0
19.1,11,1843.0
12.7,12,1843.0
9.4,1,1844.0
14.7,2,1844.0
13.6,3,1844.0
20.8,4,1844.0
12.0,5,1844.0
3.7,6,1844.0
21.2,7,1844.0
23.9,8,1844.0
6.9,9,1844.0
21.5,10,1844.0
10.7,11,1844.0
21.6,12,1844.0
25.7,1,1845.0
43.6,2,1845.0
43.3,3,1845.0
56.9,4,1845.0
47.8,5,1845.0
31.1,6,1845.0
30.6,7,1845.0
32.3,8,1845.0
29.6,9,1845.0
40.7,10,1845.0
39.4,11,1845.0
59.7,12,1845.0
38.7,1,1846.0
51.0,2,1846.0
63.9,3,1846.0
69.2,4,1846.0
59.9,5,1846.0
65.1,6,1846.0
46.5,7,1846.0
54.8,8,1846.0
107.1,9,1846.0
55.9,10,1846.0
60.4,11,1846.0
65.5,12,1846.0
62.6,1,1847.0
44.9,2,1847.0
85.7,3,1847.0
44.7,4,1847.0
75.4,5,1847.0
85.3,6,1847.0
52.2,7,1847.0
140.6,8,1847.0
161.2,9,1847.0
180.4,10,1847.0
138.9,11,1847.0
109.6,12,1847.0
159.1,1,1848.0
111.8,2,1848.0
108.9,3,1848.0
107.1,4,1848.0
102.2,5,1848.0
123.8,6,1848.0
139.2,7,1848.0
132.5,8,1848.0
100.3,9,1848.0
132.4,10,1848.0
114.6,11,1848.0
159.9,12,1848.0
156.7,1,1849.0
131.7,2,1849.0
96.5,3,1849.0
102.5,4,1849.0
80.6,5,1849.0
81.2,6,1849.0
78.0,7,1849.0
61.3,8,1849.0
93.7,9,1849.0
71.5,10,1849.0
99.7,11,1849.0
97.0,12,1849.0
78.0,1,1850.0
89.4,2,1850.0
82.6,3,1850.0
44.1,4,1850.0
61.6,5,1850.0
70.0,6,1850.0
39.1,7,1850.0
61.6,8,1850.0
86.2,9,1850.0
71.0,10,1850.0
54.8,11,1850.0
60.0,12,1850.0
75.5,1,1851.0
105.4,2,1851.0
64.6,3,1851.0
56.5,4,1851.0
62.6,5,1851.0
63.2,6,1851.0
36.1,7,1851.0
57.4,8,1851.0
67.9,9,1851.0
62.5,10,1851.0
50.9,11,1851.0
71.4,12,1851.0
68.4,1,1852.0
67.5,2,1852.0
61.2,3,1852.0
65.4,4,1852.0
54.9,5,1852.0
46.9,6,1852.0
42.0,7,1852.0
39.7,8,1852.0
37.5,9,1852.0
67.3,10,1852.0
54.3,11,1852.0
45.4,12,1852.0
41.1,1,1853.0
42.9,2,1853.0
37.7,3,1853.0
47.6,4,1853.0
34.7,5,1853.0
40.0,6,1853.0
45.9,7,1853.0
50.4,8,1853.0
33.5,9,1853.0
42.3,10,1853.0
28.8,11,1853.0
23.4,12,1853.0
15.4,1,1854.0
20.0,2,1854.0
20.7,3,1854.0
26.4,4,1854.0
24.0,5,1854.0
21.1,6,1854.0
18.7,7,1854.0
15.8,8,1854.0
22.4,9,1854.0
12.7,10,1854.0
28.2,11,1854.0
21.4,12,1854.0
12.3,1,1855.0
11.4,2,1855.0
17.4,3,1855.0
4.4,4,1855.0
9.1,5,1855.0
5.3,6,1855.0
0.4,7,1855.0
3.1,8,1855.0
0.0,9,1855.0
9.7,10,1855.0
4.3,11,1855.0
3.1,12,1855.0
0.5,1,1856.0
4.9,2,1856.0
0.4,3,1856.0
6.5,4,1856.0
0.0,5,1856.0
5.0,6,1856.0
4.6,7,1856.0
5.9,8,1856.0
4.4,9,1856.0
4.5,10,1856.0
7.7,11,1856.0
7.2,12,1856.0
13.7,1,1857.0
7.4,2,1857.0
5.2,3,1857.0
11.1,4,1857.0
29.2,5,1857.0
16.0,6,1857.0
22.2,7,1857.0
16.9,8,1857.0
42.4,9,1857.0
40.6,10,1857.0
31.4,11,1857.0
37.2,12,1857.0
39.0,1,1858.0
34.9,2,1858.0
57.5,3,1858.0
38.3,4,1858.0
41.4,5,1858.0
44.5,6,1858.0
56.7,7,1858.0
55.3,8,1858.0
80.1,9,1858.0
91.2,10,1858.0
51.9,11,1858.0
66.9,12,1858.0
83.7,1,1859.0
87.6,2,1859.0
90.3,3,1859.0
85.7,4,1859.0
91.0,5,1859.0
87.1,6,1859.0
95.2,7,1859.0
106.8,8,1859.0
105.8,9,1859.0
114.6,10,1859.0
97.2,11,1859.0
81.0,12,1859.0
81.5,1,1860.0
88.0,2,1860.0
98.9,3,1860.0
71.4,4,1860.0
107.1,5,1860.0
108.6,6,1860.0
116.7,7,1860.0
100.3,8,1860.0
92.2,9,1860.0
90.1,10,1860.0
97.9,11,1860.0
95.6,12,1860.0
62.3,1,1861.0
77.8,2,1861.0
101.0,3,1861.0
98.5,4,1861.0
56.8,5,1861.0
87.8,6,1861.0
78.0,7,1861.0
82.5,8,1861.0
79.9,9,1861.0
67.2,10,1861.0
53.7,11,1861.0
80.5,12,1861.0
63.1,1,1862.0
64.5,2,1862.0
43.6,3,1862.0
53.7,4,1862.0
64.4,5,1862.0
84.0,6,1862.0
73.4,7,1862.0
62.5,8,1862.0
66.6,9,1862.0
42.0,10,1862.0
50.6,11,1862.0
40.9,12,1862.0
48.3,1,1863.0
56.7,2,1863.0
66.4,3,1863.0
40.6,4,1863.0
53.8,5,1863.0
40.8,6,1863.0
32.7,7,1863.0
48.1,8,1863.0
22.0,9,1863.0
39.9,10,1863.0
37.7,11,1863.0
41.2,12,1863.0
57.7,1,1864.0
47.1,2,1864.0
66.3,3,1864.0
35.8,4,1864.0
40.6,5,1864.0
57.8,6,1864.0
54.7,7,1864.0
54.8,8,1864.0
28.5,9,1864.0
33.9,10,1864.0
57.6,11,1864.0
28.6,12,1864.0
48.7,1,1865.0
39.3,2,1865.0
39.5,3,1865.0
29.4,4,1865.0
34.5,5,1865.0
33.6,6,1865.0
26.8,7,1865.0
37.8,8,1865.0
21.6,9,1865.0
17.1,10,1865.0
24.6,11,1865.0
12.8,12,1865.0
31.6,1,1866.0
38.4,2,1866.0
24.6,3,1866.0
17.6,4,1866.0
12.9,5,1866.0
16.5,6,1866.0
9.3,7,1866.0
12.7,8,1866.0
7.3,9,1866.0
14.1,10,1866.0
9.0,11,1866.0
1.5,12,1866.0
0.0,1,1867.0
0.7,2,1867.0
9.2,3,1867.0
5.1,4,1867.0
2.9,5,1867.0
1.5,6,1867.0
5.0,7,1867.0
4.9,8,1867.0
9.8,9,1867.0
13.5,10,1867.0
9.3,11,1867.0
25.2,12,1867.0
15.6,1,1868.0
15.8,2,1868.0
26.5,3,1868.0
36.6,4,1868.0
26.7,5,1868.0
31.1,6,1868.0
28.6,7,1868.0
34.4,8,1868.0
43.8,9,1868.0
61.7,10,1868.0
59.1,11,1868.0
67.6,12,1868.0
60.9,1,1869.0
59.3,2,1869.0
52.7,3,1869.0
41.0,4,1869.0
104.0,5,1869.0
108.4,6,1869.0
59.2,7,1869.0
79.6,8,1869.0
80.6,9,1869.0
59.4,10,1869.0
77.4,11,1869.0
104.3,12,1869.0
77.3,1,1870.0
114.9,2,1870.0
159.4,3,1870.0
160.0,4,1870.0
176.0,5,1870.0
135.6,6,1870.0
132.4,7,1870.0
153.8,8,1870.0
136.0,9,1870.0
146.4,10,1870.0
147.5,11,1870.0
130.0,12,1870.0
88.3,1,1871.0
125.3,2,1871.0
143.2,3,1871.0
162.4,4,1871.0
145.5,5,1871.0
91.7,6,1871.0
103.0,7,1871.0
110.0,8,1871.0
80.3,9,1871.0
89.0,10,1871.0
105.4,11,1871.0
90.3,12,1871.0
79.5,1,1872.0
120.1,2,1872.0
88.4,3,1872.0
102.1,4,1872.0
107.6,5,1872.0
109.9,6,1872.0
105.5,7,1872.0
92.9,8,1872.0
114.6,9,1872.0
103.5,10,1872.0
112.0,11,1872.0
83.9,12,1872.0
86.7,1,1873.0
107.0,2,1873.0
98.3,3,1873.0
76.2,4,1873.0
47.9,5,1873.0
44.8,6,1873.0
66.9,7,1873.0
68.2,8,1873.0
47.5,9,1873.0
47.4,10,1873.0
55.4,11,1873.0
49.2,12,1873.0
60.8,1,1874.0
64.2,2,1874.0
46.4,3,1874.0
32.0,4,1874.0
44.6,5,1874.0
38.2,6,1874.0
67.8,7,1874.0
61.3,8,1874.0
28.0,9,1874.0
34.3,10,1874.0
28.9,11,1874.0
29.3,12,1874.0
14.6,1,1875.0
22.2,2,1875.0
33.8,3,1875.0
29.1,4,1875.0
11.5,5,1875.0
23.9,6,1875.0
12.5,7,1875.0
14.6,8,1875.0
2.4,9,1875.0
12.7,10,1875.0
17.7,11,1875.0
9.9,12,1875.0
14.3,1,1876.0
15.0,2,1876.0
31.2,3,1876.0
2.3,4,1876.0
5.1,5,1876.0
1.6,6,1876.0
15.2,7,1876.0
8.8,8,1876.0
9.9,9,1876.0
14.3,10,1876.0
9.9,11,1876.0
8.2,12,1876.0
24.4,1,1877.0
8.7,2,1877.0
11.7,3,1877.0
15.8,4,1877.0
21.2,5,1877.0
13.4,6,1877.0
5.9,7,1877.0
6.3,8,1877.0
16.4,9,1877.0
6.7,10,1877.0
14.5,11,1877.0
2.3,12,1877.0
3.3,1,1878.0
6.0,2,1878.0
7.8,3,1878.0
0.1,4,1878.0
5.8,5,1878.0
6.4,6,1878.0
0.1,7,1878.0
0.0,8,1878.0
5.3,9,1878.0
1.1,10,1878.0
4.1,11,1878.0
0.5,12,1878.0
0.8,1,1879.0
0.6,2,1879.0
0.0,3,1879.0
6.2,4,1879.0
2.4,5,1879.0
4.8,6,1879.0
7.5,7,1879.0
10.7,8,1879.0
6.1,9,1879.0
12.3,10,1879.0
12.9,11,1879.0
7.2,12,1879.0
24.0,1,1880.0
27.5,2,1880.0
19.5,3,1880.0
19.3,4,1880.0
23.5,5,1880.0
34.1,6,1880.0
21.9,7,1880.0
48.1,8,1880.0
66.0,9,1880.0
43.0,10,1880.0
30.7,11,1880.0
29.6,12,1880.0
36.4,1,1881.0
53.2,2,1881.0
51.5,3,1881.0
51.7,4,1881.0
43.5,5,1881.0
60.5,6,1881.0
76.9,7,1881.0
58.0,8,1881.0
53.2,9,1881.0
64.0,10,1881.0
54.8,11,1881.0
47.3,12,1881.0
45.0,1,1882.0
69.3,2,1882.0
67.5,3,1882.0
95.8,4,1882.0
64.1,5,1882.0
45.2,6,1882.0
45.4,7,1882.0
40.4,8,1882.0
57.7,9,1882.0
59.2,10,1882.0
84.4,11,1882.0
41.8,12,1882.0
60.6,1,1883.0
46.9,2,1883.0
42.8,3,1883.0
82.1,4,1883.0
32.1,5,1883.0
76.5,6,1883.0
80.6,7,1883.0
46.0,8,1883.0
52.6,9,1883.0
83.8,10,1883.0
84.5,11,1883.0
75.9,12,1883.0
91.5,1,1884.0
86.9,2,1884.0
86.8,3,1884.0
76.1,4,1884.0
66.5,5,1884.0
51.2,6,1884.0
53.1,7,1884.0
55.8,8,1884.0
61.9,9,1884.0
47.8,10,1884.0
36.6,11,1884.0
47.2,12,1884.0
42.8,1,1885.0
71.8,2,1885.0
49.8,3,1885.0
55.0,4,1885.0
73.0,5,1885.0
83.7,6,1885.0
66.5,7,1885.0
50.0,8,1885.0
39.6,9,1885.0
38.7,10,1885.0
33.3,11,1885.0
21.7,12,1885.0
29.9,1,1886.0
25.9,2,1886.0
57.3,3,1886.0
43.7,4,1886.0
30.7,5,1886.0
27.1,6,1886.0
30.3,7,1886.0
16.9,8,1886.0
21.4,9,1886.0
8.6,10,1886.0
0.3,11,1886.0
12.4,12,1886.0
10.3,1,1887.0
13.2,2,1887.0
4.2,3,1887.0
6.9,4,1887.0
20.0,5,1887.0
15.7,6,1887.0
23.3,7,1887.0
21.4,8,1887.0
7.4,9,1887.0
6.6,10,1887.0
6.9,11,1887.0
20.7,12,1887.0
12.7,1,1888.0
7.1,2,1888.0
7.8,3,1888.0
5.1,4,1888.0
7.0,5,1888.0
7.1,6,1888.0
3.1,7,1888.0
2.8,8,1888.0
8.8,9,1888.0
2.1,10,1888.0
10.7,11,1888.0
6.7,12,1888.0
0.8,1,1889.0
8.5,2,1889.0
7.0,3,1889.0
4.3,4,1889.0
2.4,5,1889.0
6.4,6,1889.0
9.7,7,1889.0
20.6,8,1889.0
6.5,9,1889.0
2.1,10,1889.0
0.2,11,1889.0
6.7,12,1889.0
5.3,1,1890.0
0.6,2,1890.0
5.1,3,1890.0
1.6,4,1890.0
4.8,5,1890.0
1.3,6,1890.0
11.6,7,1890.0
8.5,8,1890.0
17.2,9,1890.0
11.2,10,1890.0
9.6,11,1890.0
7.8,12,1890.0
13.5,1,1891.0
22.2,2,1891.0
10.4,3,1891.0
20.5,4,1891.0
41.1,5,1891.0
48.3,6,1891.0
58.8,7,1891.0
33.2,8,1891.0
53.8,9,1891.0
51.5,10,1891.0
41.9,11,1891.0
32.3,12,1891.0
69.1,1,1892.0
75.6,2,1892.0
49.9,3,1892.0
69.6,4,1892.0
79.6,5,1892.0
76.3,6,1892.0
76.8,7,1892.0
101.4,8,1892.0
62.8,9,1892.0
70.5,10,1892.0
65.4,11,1892.0
78.6,12,1892.0
75.0,1,1893.0
73.0,2,1893.0
65.7,3,1893.0
88.1,4,1893.0
84.7,5,1893.0
88.2,6,1893.0
88.8,7,1893.0
129.2,8,1893.0
77.9,9,1893.0
79.7,10,1893.0
75.1,11,1893.0
93.8,12,1893.0
83.2,1,1894.0
84.6,2,1894.0
52.3,3,1894.0
81.6,4,1894.0
101.2,5,1894.0
98.9,6,1894.0
106.0,7,1894.0
70.3,8,1894.0
65.9,9,1894.0
75.5,10,1894.0
56.6,11,1894.0
60.0,12,1894.0
63.3,1,1895.0
67.2,2,1895.0
61.0,3,1895.0
76.9,4,1895.0
67.5,5,1895.0
71.5,6,1895.0
47.8,7,1895.0
68.9,8,1895.0
57.7,9,1895.0
67.9,10,1895.0
47.2,11,1895.0
70.7,12,1895.0
29.0,1,1896.0
57.4,2,1896.0
52.0,3,1896.0
43.8,4,1896.0
27.7,5,1896.0
49.0,6,1896.0
45.0,7,1896.0
27.2,8,1896.0
61.3,9,1896.0
28.4,10,1896.0
38.0,11,1896.0
42.6,12,1896.0
40.6,1,1897.0
29.4,2,1897.0
29.1,3,1897.0
31.0,4,1897.0
20.0,5,1897.0
11.3,6,1897.0
27.6,7,1897.0
21.8,8,1897.0
48.1,9,1897.0
14.3,10,1897.0
8.4,11,1897.0
33.3,12,1897.0
30.2,1,1898.0
36.4,2,1898.0
38.3,3,1898.0
14.5,4,1898.0
25.8,5,1898.0
22.3,6,1898.0
9.0,7,1898.0
31.4,8,1898.0
34.8,9,1898.0
34.4,10,1898.0
30.9,11,1898.0
12.6,12,1898.0
19.5,1,1899.0
9.2,2,1899.0
18.1,3,1899.0
14.2,4,1899.0
7.7,5,1899.0
20.5,6,1899.0
13.5,7,1899.0
2.9,8,1899.0
8.4,9,1899.0
13.0,10,1899.0
7.8,11,1899.0
10.5,12,1899.0
9.4,1,1900.0
13.6,2,1900.0
8.6,3,1900.0
16.0,4,1900.0
15.2,5,1900.0
12.1,6,1900.0
8.3,7,1900.0
4.3,8,1900.0
8.3,9,1900.0
12.9,10,1900.0
4.5,11,1900.0
0.3,12,1900.0
0.2,1,1901.0
2.4,2,1901.0
4.5,3,1901.0
0.0,4,1901.0
10.2,5,1901.0
5.8,6,1901.0
0.7,7,1901.0
1.0,8,1901.0
0.6,9,1901.0
3.7,10,1901.0
3.8,11,1901.0
0.0,12,1901.0
5.2,1,1902.0
0.0,2,1902.0
12.4,3,1902.0
0.0,4,1902.0
2.8,5,1902.0
1.4,6,1902.0
0.9,7,1902.0
2.3,8,1902.0
7.6,9,1902.0
16.3,10,1902.0
10.3,11,1902.0
1.1,12,1902.0
8.3,1,1903.0
17.0,2,1903.0
13.5,3,1903.0
26.1,4,1903.0
14.6,5,1903.0
16.3,6,1903.0
27.9,7,1903.0
28.8,8,1903.0
11.1,9,1903.0
38.9,10,1903.0
44.5,11,1903.0
45.6,12,1903.0
31.6,1,1904.0
24.5,2,1904.0
37.2,3,1904.0
43.0,4,1904.0
39.5,5,1904.0
41.9,6,1904.0
50.6,7,1904.0
58.2,8,1904.0
30.1,9,1904.0
54.2,10,1904.0
38.0,11,1904.0
54.6,12,1904.0
54.8,1,1905.0
85.8,2,1905.0
56.5,3,1905.0
39.3,4,1905.0
48.0,5,1905.0
49.0,6,1905.0
73.0,7,1905.0
58.8,8,1905.0
55.0,9,1905.0
78.7,10,1905.0
107.2,11,1905.0
55.5,12,1905.0
45.5,1,1906.0
31.3,2,1906.0
64.5,3,1906.0
55.3,4,1906.0
57.7,5,1906.0
63.2,6,1906.0
103.6,7,1906.0
47.7,8,1906.0
56.1,9,1906.0
17.8,10,1906.0
38.9,11,1906.0
64.7,12,1906.0
76.4,1,1907.0
108.2,2,1907.0
60.7,3,1907.0
52.6,4,1907.0
42.9,5,1907.0
40.4,6,1907.0
49.7,7,1907.0
54.3,8,1907.0
85.0,9,1907.0
65.4,10,1907.0
61.5,11,1907.0
47.3,12,1907.0
39.2,1,1908.0
33.9,2,1908.0
28.7,3,1908.0
57.6,4,1908.0
40.8,5,1908.0
48.1,6,1908.0
39.5,7,1908.0
90.5,8,1908.0
86.9,9,1908.0
32.3,10,1908.0
45.5,11,1908.0
39.5,12,1908.0
56.7,1,1909.0
46.6,2,1909.0
66.3,3,1909.0
32.3,4,1909.0
36.0,5,1909.0
22.6,6,1909.0
35.8,7,1909.0
23.1,8,1909.0
38.8,9,1909.0
58.4,10,1909.0
55.8,11,1909.0
54.2,12,1909.0
26.4,1,1910.0
31.5,2,1910.0
21.4,3,1910.0
8.4,4,1910.0
22.2,5,1910.0
12.3,6,1910.0
14.1,7,1910.0
11.5,8,1910.0
26.2,9,1910.0
38.3,10,1910.0
4.9,11,1910.0
5.8,12,1910.0
3.4,1,1911.0
9.0,2,1911.0
7.8,3,1911.0
16.5,4,1911.0
9.0,5,1911.0
2.2,6,1911.0
3.5,7,1911.0
4.0,8,1911.0
4.0,9,1911.0
2.6,10,1911.0
4.2,11,1911.0
2.2,12,1911.0
0.3,1,1912.0
0.0,2,1912.0
4.9,3,1912.0
4.5,4,1912.0
4.4,5,1912.0
4.1,6,1912.0
3.0,7,1912.0
0.3,8,1912.0
9.5,9,1912.0
4.6,10,1912.0
1.1,11,1912.0
6.4,12,1912.0
2.3,1,1913.0
2.9,2,1913.0
0.5,3,1913.0
0.9,4,1913.0
0.0,5,1913.0
0.0,6,1913.0
1.7,7,1913.0
0.2,8,1913.0
1.2,9,1913.0
3.1,10,1913.0
0.7,11,1913.0
3.8,12,1913.0
2.8,1,1914.0
2.6,2,1914.0
3.1,3,1914.0
17.3,4,1914.0
5.2,5,1914.0
11.4,6,1914.0
5.4,7,1914.0
7.7,8,1914.0
12.7,9,1914.0
8.2,10,1914.0
16.4,11,1914.0
22.3,12,1914.0
23.0,1,1915.0
42.3,2,1915.0
38.8,3,1915.0
41.3,4,1915.0
33.0,5,1915.0
68.8,6,1915.0
71.6,7,1915.0
69.6,8,1915.0
49.5,9,1915.0
53.5,10,1915.0
42.5,11,1915.0
34.5,12,1915.0
45.3,1,1916.0
55.4,2,1916.0
67.0,3,1916.0
71.8,4,1916.0
74.5,5,1916.0
67.7,6,1916.0
53.5,7,1916.0
35.2,8,1916.0
45.1,9,1916.0
50.7,10,1916.0
65.6,11,1916.0
53.0,12,1916.0
74.7,1,1917.0
71.9,2,1917.0
94.8,3,1917.0
74.7,4,1917.0
114.1,5,1917.0
114.9,6,1917.0
119.8,7,1917.0
154.5,8,1917.0
129.4,9,1917.0
72.2,10,1917.0
96.4,11,1917.0
129.3,12,1917.0
96.0,1,1918.0
65.3,2,1918.0
72.2,3,1918.0
80.5,4,1918.0
76.7,5,1918.0
59.4,6,1918.0
107.6,7,1918.0
101.7,8,1918.0
79.9,9,1918.0
85.0,10,1918.0
83.4,11,1918.0
59.2,12,1918.0
48.1,1,1919.0
79.5,2,1919.0
66.5,3,1919.0
51.8,4,1919.0
88.1,5,1919.0
111.2,6,1919.0
64.7,7,1919.0
69.0,8,1919.0
54.7,9,1919.0
52.8,10,1919.0
42.0,11,1919.0
34.9,12,1919.0
51.1,1,1920.0
53.9,2,1920.0
70.2,3,1920.0
14.8,4,1920.0
33.3,5,1920.0
38.7,6,1920.0
27.5,7,1920.0
19.2,8,1920.0
36.3,9,1920.0
49.6,10,1920.0
27.2,11,1920.0
29.9,12,1920.0
31.5,1,1921.0
28.3,2,1921.0
26.7,3,1921.0
32.4,4,1921.0
22.2,5,1921.0
33.7,6,1921.0
41.9,7,1921.0
22.8,8,1921.0
17.8,9,1921.0
18.2,10,1921.0
17.8,11,1921.0
20.3,12,1921.0
11.8,1,1922.0
26.4,2,1922.0
54.7,3,1922.0
11.0,4,1922.0
8.0,5,1922.0
5.8,6,1922.0
10.9,7,1922.0
6.5,8,1922.0
4.7,9,1922.0
6.2,10,1922.0
7.4,11,1922.0
17.5,12,1922.0
4.5,1,1923.0
1.5,2,1923.0
3.3,3,1923.0
6.1,4,1923.0
3.2,5,1923.0
9.1,6,1923.0
3.5,7,1923.0
0.5,8,1923.0
13.2,9,1923.0
11.6,10,1923.0
10.0,11,1923.0
2.8,12,1923.0
0.5,1,1924.0
5.1,2,1924.0
1.8,3,1924.0
11.3,4,1924.0
20.8,5,1924.0
24.0,6,1924.0
28.1,7,1924.0
19.3,8,1924.0
25.1,9,1924.0
25.6,10,1924.0
22.5,11,1924.0
16.5,12,1924.0
5.5,1,1925.0
23.2,2,1925.0
18.0,3,1925.0
31.7,4,1925.0
42.8,5,1925.0
47.5,6,1925.0
38.5,7,1925.0
37.9,8,1925.0
60.2,9,1925.0
69.2,10,1925.0
58.6,11,1925.0
98.6,12,1925.0
71.8,1,1926.0
70.0,2,1926.0
62.5,3,1926.0
38.5,4,1926.0
64.3,5,1926.0
73.5,6,1926.0
52.3,7,1926.0
61.6,8,1926.0
60.8,9,1926.0
71.5,10,1926.0
60.5,11,1926.0
79.4,12,1926.0
81.6,1,1927.0
93.0,2,1927.0
69.6,3,1927.0
93.5,4,1927.0
79.1,5,1927.0
59.1,6,1927.0
54.9,7,1927.0
53.8,8,1927.0
68.4,9,1927.0
63.1,10,1927.0
67.2,11,1927.0
45.2,12,1927.0
83.5,1,1928.0
73.5,2,1928.0
85.4,3,1928.0
80.6,4,1928.0
76.9,5,1928.0
91.4,6,1928.0
98.0,7,1928.0
83.8,8,1928.0
89.7,9,1928.0
61.4,10,1928.0
50.3,11,1928.0
59.0,12,1928.0
68.9,1,1929.0
64.1,2,1929.0
50.2,3,1929.0
52.8,4,1929.0
58.2,5,1929.0
71.9,6,1929.0
70.2,7,1929.0
65.8,8,1929.0
34.4,9,1929.0
54.0,10,1929.0
81.1,11,1929.0
108.0,12,1929.0
65.3,1,1930.0
49.2,2,1930.0
35.0,3,1930.0
38.2,4,1930.0
36.8,5,1930.0
28.8,6,1930.0
21.9,7,1930.0
24.9,8,1930.0
32.1,9,1930.0
34.4,10,1930.0
35.6,11,1930.0
25.8,12,1930.0
14.6,1,1931.0
43.1,2,1931.0
30.0,3,1931.0
31.2,4,1931.0
24.6,5,1931.0
15.3,6,1931.0
17.4,7,1931.0
13.0,8,1931.0
19.0,9,1931.0
10.0,10,1931.0
18.7,11,1931.0
17.8,12,1931.0
12.1,1,1932.0
10.6,2,1932.0
11.2,3,1932.0
11.2,4,1932.0
17.9,5,1932.0
22.2,6,1932.0
9.6,7,1932.0
6.8,8,1932.0
4.0,9,1932.0
8.9,10,1932.0
8.2,11,1932.0
11.0,12,1932.0
12.3,1,1933.0
22.2,2,1933.0
10.1,3,1933.0
2.9,4,1933.0
3.2,5,1933.0
5.2,6,1933.0
2.8,7,1933.0
0.2,8,1933.0
5.1,9,1933.0
3.0,10,1933.0
0.6,11,1933.0
0.3,12,1933.0
3.4,1,1934.0
7.8,2,1934.0
4.3,3,1934.0
11.3,4,1934.0
19.7,5,1934.0
6.7,6,1934.0
9.3,7,1934.0
8.3,8,1934.0
4.0,9,1934.0
5.7,10,1934.0
8.7,11,1934.0
15.4,12,1934.0
18.9,1,1935.0
20.5,2,1935.0
23.1,3,1935.0
12.2,4,1935.0
27.3,5,1935.0
45.7,6,1935.0
33.9,7,1935.0
30.1,8,1935.0
42.1,9,1935.0
53.2,10,1935.0
64.2,11,1935.0
61.5,12,1935.0
62.8,1,1936.0
74.3,2,1936.0
77.1,3,1936.0
74.9,4,1936.0
54.6,5,1936.0
70.0,6,1936.0
52.3,7,1936.0
87.0,8,1936.0
76.0,9,1936.0
89.0,10,1936.0
115.4,11,1936.0
123.4,12,1936.0
132.5,1,1937.0
128.5,2,1937.0
83.9,3,1937.0
109.3,4,1937.0
116.7,5,1937.0
130.3,6,1937.0
145.1,7,1937.0
137.7,8,1937.0
100.7,9,1937.0
124.9,10,1937.0
74.4,11,1937.0
88.8,12,1937.0
98.4,1,1938.0
119.2,2,1938.0
86.5,3,1938.0
101.0,4,1938.0
127.4,5,1938.0
97.5,6,1938.0
165.3,7,1938.0
115.7,8,1938.0
89.6,9,1938.0
99.1,10,1938.0
122.2,11,1938.0
92.7,12,1938.0
80.3,1,1939.0
77.4,2,1939.0
64.6,3,1939.0
109.1,4,1939.0
118.3,5,1939.0
101.0,6,1939.0
97.6,7,1939.0
105.8,8,1939.0
112.6,9,1939.0
88.1,10,1939.0
68.1,11,1939.0
42.1,12,1939.0
50.5,1,1940.0
59.4,2,1940.0
83.3,3,1940.0
60.7,4,1940.0
54.4,5,1940.0
83.9,6,1940.0
67.5,7,1940.0
105.5,8,1940.0
66.5,9,1940.0
55.0,10,1940.0
58.4,11,1940.0
68.3,12,1940.0
45.6,1,1941.0
44.5,2,1941.0
46.4,3,1941.0
32.8,4,1941.0
29.5,5,1941.0
59.8,6,1941.0
66.9,7,1941.0
60.0,8,1941.0
65.9,9,1941.0
46.3,10,1941.0
38.3,11,1941.0
33.7,12,1941.0
35.6,1,1942.0
52.8,2,1942.0
54.2,3,1942.0
60.7,4,1942.0
25.0,5,1942.0
11.4,6,1942.0
17.7,7,1942.0
20.2,8,1942.0
17.2,9,1942.0
19.2,10,1942.0
30.7,11,1942.0
22.5,12,1942.0
12.4,1,1943.0
28.9,2,1943.0
27.4,3,1943.0
26.1,4,1943.0
14.1,5,1943.0
7.6,6,1943.0
13.2,7,1943.0
19.4,8,1943.0
10.0,9,1943.0
7.8,10,1943.0
10.2,11,1943.0
18.8,12,1943.0
3.7,1,1944.0
0.5,2,1944.0
11.0,3,1944.0
0.3,4,1944.0
2.5,5,1944.0
5.0,6,1944.0
5.0,7,1944.0
16.7,8,1944.0
14.3,9,1944.0
16.9,10,1944.0
10.8,11,1944.0
28.4,12,1944.0
18.5,1,1945.0
12.7,2,1945.0
21.5,3,1945.0
32.0,4,1945.0
30.6,5,1945.0
36.2,6,1945.0
42.6,7,1945.0
25.9,8,1945.0
34.9,9,1945.0
68.8,10,1945.0
46.0,11,1945.0
27.4,12,1945.0
47.6,1,1946.0
86.2,2,1946.0
76.6,3,1946.0
75.7,4,1946.0
84.9,5,1946.0
73.5,6,1946.0
116.2,7,1946.0
107.2,8,1946.0
94.4,9,1946.0
102.3,10,1946.0
123.8,11,1946.0
121.7,12,1946.0
115.7,1,1947.0
113.4,2,1947.0
129.8,3,1947.0
149.8,4,1947.0
201.3,5,1947.0
163.9,6,1947.0
157.9,7,1947.0
188.8,8,1947.0
169.4,9,1947.0
163.6,10,1947.0
128.0,11,1947.0
116.5,12,1947.0
108.5,1,1948.0
86.1,2,1948.0
94.8,3,1948.0
189.7,4,1948.0
174.0,5,1948.0
167.8,6,1948.0
142.2,7,1948.0
157.9,8,1948.0
143.3,9,1948.0
136.3,10,1948.0
95.8,11,1948.0
138.0,12,1948.0
119.1,1,1949.0
182.3,2,1949.0
157.5,3,1949.0
147.0,4,1949.0
106.2,5,1949.0
121.7,6,1949.0
125.8,7,1949.0
123.8,8,1949.0
145.3,9,1949.0
131.6,10,1949.0
143.5,11,1949.0
117.6,12,1949.0
101.6,1,1950.0
94.8,2,1950.0
109.7,3,1950.0
113.4,4,1950.0
106.2,5,1950.0
83.6,6,1950.0
91.0,7,1950.0
85.2,8,1950.0
51.3,9,1950.0
61.4,10,1950.0
54.8,11,1950.0
54.1,12,1950.0
59.9,1,1951.0
59.9,2,1951.0
59.9,3,1951.0
92.9,4,1951.0
108.5,5,1951.0
100.6,6,1951.0
61.5,7,1951.0
61.0,8,1951.0
83.1,9,1951.0
51.6,10,1951.0
52.4,11,1951.0
45.8,12,1951.0
40.7,1,1952.0
22.7,2,1952.0
22.0,3,1952.0
29.1,4,1952.0
23.4,5,1952.0
36.4,6,1952.0
39.3,7,1952.0
54.9,8,1952.0
28.2,9,1952.0
23.8,10,1952.0
22.1,11,1952.0
34.3,12,1952.0
26.5,1,1953.0
3.9,2,1953.0
10.0,3,1953.0
27.8,4,1953.0
12.5,5,1953.0
21.8,6,1953.0
8.6,7,1953.0
23.5,8,1953.0
19.3,9,1953.0
8.2,10,1953.0
1.6,11,1953.0
2.5,12,1953.0
0.2,1,1954.0
0.5,2,1954.0
10.9,3,1954.0
1.8,4,1954.0
0.8,5,1954.0
0.2,6,1954.0
4.8,7,1954.0
8.4,8,1954.0
1.5,9,1954.0
7.0,10,1954.0
9.2,11,1954.0
7.6,12,1954.0
23.1,1,1955.0
20.8,2,1955.0
4.9,3,1955.0
11.3,4,1955.0
28.9,5,1955.0
31.7,6,1955.0
26.7,7,1955.0
40.7,8,1955.0
42.7,9,1955.0
58.5,10,1955.0
89.2,11,1955.0
76.9,12,1955.0
73.6,1,1956.0
124.0,2,1956.0
118.4,3,1956.0
110.7,4,1956.0
136.6,5,1956.0
116.6,6,1956.0
129.1,7,1956.0
169.6,8,1956.0
173.2,9,1956.0
155.3,10,1956.0
201.3,11,1956.0
192.1,12,1956.0
165.0,1,1957.0
130.2,2,1957.0
157.4,3,1957.0
175.2,4,1957.0
164.6,5,1957.0
200.7,6,1957.0
187.2,7,1957.0
158.0,8,1957.0
235.8,9,1957.0
253.8,10,1957.0
210.9,11,1957.0
239.4,12,1957.0
202.5,1,1958.0
164.9,2,1958.0
190.7,3,1958.0
196.0,4,1958.0
175.3,5,1958.0
171.5,6,1958.0
191.4,7,1958.0
200.2,8,1958.0
201.2,9,1958.0
181.5,10,1958.0
152.3,11,1958.0
187.6,12,1958.0
217.4,1,1959.0
143.1,2,1959.0
185.7,3,1959.0
163.3,4,1959.0
172.0,5,1959.0
168.7,6,1959.0
149.6,7,1959.0
199.6,8,1959.0
145.2,9,1959.0
111.4,10,1959.0
124.0,11,1959.0
125.0,12,1959.0
146.3,1,1960.0
106.0,2,1960.0
102.2,3,1960.0
122.0,4,1960.0
119.6,5,1960.0
110.2,6,1960.0
121.7,7,1960.0
134.1,8,1960.0
127.2,9,1960.0
82.8,10,1960.0
89.6,11,1960.0
85.6,12,1960.0
57.9,1,1961.0
46.1,2,1961.0
53.0,3,1961.0
61.4,4,1961.0
51.0,5,1961.0
77.4,6,1961.0
70.2,7,1961.0
55.9,8,1961.0
63.6,9,1961.0
37.7,10,1961.0
32.6,11,1961.0
40.0,12,1961.0
38.7,1,1962.0
50.3,2,1962.0
45.6,3,1962.0
46.4,4,1962.0
43.7,5,1962.0
42.0,6,1962.0
21.8,7,1962.0
21.8,8,1962.0
51.3,9,1962.0
39.5,10,1962.0
26.9,11,1962.0
23.2,12,1962.0
19.8,1,1963.0
24.4,2,1963.0
17.1,3,1963.0
29.3,4,1963.0
43.0,5,1963.0
35.9,6,1963.0
19.6,7,1963.0
33.2,8,1963.0
38.8,9,1963.0
35.3,10,1963.0
23.4,11,1963.0
14.9,12,1963.0
15.3,1,1964.0
17.7,2,1964.0
16.5,3,1964.0
8.6,4,1964.0
9.5,5,1964.0
9.1,6,1964.0
3.1,7,1964.0
9.3,8,1964.0
4.7,9,1964.0
6.1,10,1964.0
7.4,11,1964.0
15.1,12,1964.0
17.5,1,1965.0
14.2,2,1965.0
11.7,3,1965.0
6.8,4,1965.0
24.1,5,1965.0
15.9,6,1965.0
11.9,7,1965.0
8.9,8,1965.0
16.8,9,1965.0
20.1,10,1965.0
15.8,11,1965.0
17.0,12,1965.0
28.2,1,1966.0
24.4,2,1966.0
25.3,3,1966.0
48.7,4,1966.0
45.3,5,1966.0
47.7,6,1966.0
56.7,7,1966.0
51.2,8,1966.0
50.2,9,1966.0
57.2,10,1966.0
57.2,11,1966.0
70.4,12,1966.0
110.9,1,1967.0
93.6,2,1967.0
111.8,3,1967.0
69.5,4,1967.0
86.5,5,1967.0
67.3,6,1967.0
91.5,7,1967.0
107.2,8,1967.0
76.8,9,1967.0
88.2,10,1967.0
94.3,11,1967.0
126.4,12,1967.0
121.8,1,1968.0
111.9,2,1968.0
92.2,3,1968.0
81.2,4,1968.0
127.2,5,1968.0
110.3,6,1968.0
96.1,7,1968.0
109.3,8,1968.0
117.2,9,1968.0
107.7,10,1968.0
86.0,11,1968.0
109.8,12,1968.0
104.4,1,1969.0
120.5,2,1969.0
135.8,3,1969.0
106.8,4,1969.0
120.0,5,1969.0
106.0,6,1969.0
96.8,7,1969.0
98.0,8,1969.0
91.3,9,1969.0
95.7,10,1969.0
93.5,11,1969.0
97.9,12,1969.0
111.5,1,1970.0
127.8,2,1970.0
102.9,3,1970.0
109.5,4,1970.0
127.5,5,1970.0
106.8,6,1970.0
112.5,7,1970.0
93.0,8,1970.0
99.5,9,1970.0
86.6,10,1970.0
95.2,11,1970.0
83.5,12,1970.0
91.3,1,1971.0
79.0,2,1971.0
60.7,3,1971.0
71.8,4,1971.0
57.5,5,1971.0
49.8,6,1971.0
81.0,7,1971.0
61.4,8,1971.0
50.2,9,1971.0
51.7,10,1971.0
63.2,11,1971.0
82.2,12,1971.0
61.5,1,1972.0
88.4,2,1972.0
80.1,3,1972.0
63.2,4,1972.0
80.5,5,1972.0
88.0,6,1972.0
76.5,7,1972.0
76.8,8,1972.0
64.0,9,1972.0
61.3,10,1972.0
41.6,11,1972.0
45.3,12,1972.0
43.4,1,1973.0
42.9,2,1973.0
46.0,3,1973.0
57.7,4,1973.0
42.4,5,1973.0
39.5,6,1973.0
23.1,7,1973.0
25.6,8,1973.0
59.3,9,1973.0
30.7,10,1973.0
23.9,11,1973.0
23.3,12,1973.0
27.6,1,1974.0
26.0,2,1974.0
21.3,3,1974.0
40.3,4,1974.0
39.5,5,1974.0
36.0,6,1974.0
55.8,7,1974.0
33.6,8,1974.0
40.2,9,1974.0
47.1,10,1974.0
25.0,11,1974.0
20.5,12,1974.0
18.9,1,1975.0
11.5,2,1975.0
11.5,3,1975.0
5.1,4,1975.0
9.0,5,1975.0
11.4,6,1975.0
28.2,7,1975.0
39.7,8,1975.0
13.9,9,1975.0
9.1,10,1975.0
19.4,11,1975.0
7.8,12,1975.0
8.1,1,1976.0
4.3,2,1976.0
21.9,3,1976.0
18.8,4,1976.0
12.4,5,1976.0
12.2,6,1976.0
1.9,7,1976.0
16.4,8,1976.0
13.5,9,1976.0
20.6,10,1976.0
5.2,11,1976.0
15.3,12,1976.0
16.4,1,1977.0
23.1,2,1977.0
8.7,3,1977.0
12.9,4,1977.0
18.6,5,1977.0
38.5,6,1977.0
21.4,7,1977.0
30.1,8,1977.0
44.0,9,1977.0
43.8,10,1977.0
29.1,11,1977.0
43.2,12,1977.0
51.9,1,1978.0
93.6,2,1978.0
76.5,3,1978.0
99.7,4,1978.0
82.7,5,1978.0
95.1,6,1978.0
70.4,7,1978.0
58.1,8,1978.0
138.2,9,1978.0
125.1,10,1978.0
97.9,11,1978.0
122.7,12,1978.0
166.6,1,1979.0
137.5,2,1979.0
138.0,3,1979.0
101.5,4,1979.0
134.4,5,1979.0
149.5,6,1979.0
159.4,7,1979.0
142.2,8,1979.0
188.4,9,1979.0
186.2,10,1979.0
183.3,11,1979.0
176.3,12,1979.0
159.6,1,1980.0
155.0,2,1980.0
126.2,3,1980.0
164.1,4,1980.0
179.9,5,1980.0
157.3,6,1980.0
136.3,7,1980.0
135.4,8,1980.0
155.0,9,1980.0
164.7,10,1980.0
147.9,11,1980.0
174.4,12,1980.0
114.0,1,1981.0
141.3,2,1981.0
135.5,3,1981.0
156.4,4,1981.0
127.5,5,1981.0
90.0,6,1981.0
143.8,7,1981.0
158.7,8,1981.0
167.3,9,1981.0
162.4,10,1981.0
137.5,11,1981.0
150.1,12,1981.0
111.2,1,1982.0
163.6,2,1982.0
153.8,3,1982.0
122.0,4,1982.0
82.2,5,1982.0
110.4,6,1982.0
106.1,7,1982.0
107.6,8,1982.0
118.8,9,1982.0
94.7,10,1982.0
98.1,11,1982.0
127.0,12,1982.0
84.3,1,1983.0
51.0,2,1983.0
66.5,3,1983.0
80.7,4,1983.0
99.2,5,1983.0
91.1,6,1983.0
82.2,7,1983.0
71.8,8,1983.0
50.3,9,1983.0
55.8,10,1983.0
33.3,11,1983.0
33.4,12,1983.0
